<manifest alg="2" build="2018.1.0.386" opt="false" iceEnabled="true" iceMarkupVersion="2" iceEnabledOptions="link,responsive,cachebuster,textStyling" exportTarget="other" domain="tilda.ru" resolutions="1x" timestamp="1551898971211">
  <folder name="css">
    <file name="site_global.css" crc="444006867"/>
    <file name="index.css" crc="3940001357" ref="index"/>
    <file name="nomq_index.css" crc="421625190" ref="index"/>
  </folder>
  <folder name="scripts">
    <file name="jquery-1.8.3.min.js" crc="209076791" ref="index"/>
    <file name="museutils.js" crc="340535759" ref="index"/>
    <file name="whatinput.js" crc="86476730" ref="index"/>
    <file name="museconfig.js" crc="4286661555" ref="index"/>
    <file name="jquery.watch.js" crc="51536988" ref="index"/>
    <file name="webpro.js" crc="4059564322" ref="index"/>
    <file name="musewpslideshow.js" crc="3862962738" ref="index"/>
    <file name="jquery.museoverlay.js" crc="4147669564" ref="index"/>
    <file name="touchswipe.js" crc="4075097462" ref="index"/>
    <file name="require.js" crc="7928878" ref="index"/>
    <file name="jquery.museresponsive.js" crc="527716135" ref="index"/>
  </folder>
  <folder name="images">
    <file name="adventure-altitude-clear-sky-633198.jpg" crc="4202704647" seo="true" ref="index">
      <caption webpage="index" alt=""/>
      <caption webpage="index" alt=""/>
    </file>
    <file name="blank.gif" crc="4208392903" ref="index"/>
    <file name="ash-boom-calamity-735647.jpg" crc="3992666000" seo="true" ref="index">
      <caption webpage="index" alt=""/>
      <caption webpage="index" alt=""/>
    </file>
    <file name="atmosphere-bird-s-eye-view-cloudiness-1815398-crop-u388.jpg" crc="213875565" seo="true" ref="index">
      <caption webpage="index" alt=""/>
    </file>
    <file name="body-of-water-depth-of-field-ocean-1820041-crop-u408.jpg" crc="4263576978" seo="true" ref="index">
      <caption webpage="index" alt=""/>
    </file>
    <file name="clouds-coast-daylight-1806766-crop-u428.jpg" crc="4281585079" seo="true" ref="index">
      <caption webpage="index" alt=""/>
    </file>
    <file name="cold-condensation-daylight-942216.jpg" crc="4121686442" seo="true" ref="index">
      <caption webpage="index" alt=""/>
      <caption webpage="index" alt=""/>
    </file>
    <file name="color-environment-moss-1817249-crop-u468.jpg" crc="450094982" seo="true" ref="index">
      <caption webpage="index" alt=""/>
    </file>
    <file name="daylight-forest-glossy-443446-crop-u488.jpg" crc="427377183" seo="true" ref="index">
      <caption webpage="index" alt=""/>
    </file>
    <file name="michal-kubalczyk-505207-unsplash-crop-u508.jpg" crc="486834405" seo="true" ref="index">
      <caption webpage="index" alt=""/>
    </file>
    <file name="pexels-photo-1427513-crop-u528.jpg" crc="383019464" seo="true" ref="index">
      <caption webpage="index" alt=""/>
    </file>
    <file name="loading.gif" crc="3815509949" ref="index"/>
    <file name="atmosphere-bird-s-eye-view-cloudiness-1815398-crop-u3882.jpg" crc="373748025" seo="true" ref="index">
      <caption webpage="index" alt=""/>
    </file>
    <file name="body-of-water-depth-of-field-ocean-1820041-crop-u4082.jpg" crc="4118510698" seo="true" ref="index">
      <caption webpage="index" alt=""/>
    </file>
    <file name="clouds-coast-daylight-1806766-crop-u4282.jpg" crc="130118707" seo="true" ref="index">
      <caption webpage="index" alt=""/>
    </file>
    <file name="color-environment-moss-1817249-crop-u4682.jpg" crc="360533362" seo="true" ref="index">
      <caption webpage="index" alt=""/>
    </file>
    <file name="daylight-forest-glossy-443446-crop-u4882.jpg" crc="218535292" seo="true" ref="index">
      <caption webpage="index" alt=""/>
    </file>
    <file name="michal-kubalczyk-505207-unsplash-crop-u5082.jpg" crc="4093020009" seo="true" ref="index">
      <caption webpage="index" alt=""/>
    </file>
    <file name="pexels-photo-1427513-crop-u5282.jpg" crc="3782050425" seo="true" ref="index">
      <caption webpage="index" alt=""/>
    </file>
    <file name="atmosphere-bird-s-eye-view-cloudiness-1815398-crop-u3883.jpg" crc="11789380" seo="true" ref="index">
      <caption webpage="index" alt=""/>
    </file>
    <file name="body-of-water-depth-of-field-ocean-1820041-crop-u4083.jpg" crc="3868660071" seo="true" ref="index">
      <caption webpage="index" alt=""/>
    </file>
    <file name="clouds-coast-daylight-1806766-crop-u4283.jpg" crc="3988764696" seo="true" ref="index">
      <caption webpage="index" alt=""/>
    </file>
    <file name="daylight-forest-glossy-443446-crop-u4883.jpg" crc="3840865492" seo="true" ref="index">
      <caption webpage="index" alt=""/>
    </file>
    <file name="michal-kubalczyk-505207-unsplash-crop-u5083.jpg" crc="249721090" seo="true" ref="index">
      <caption webpage="index" alt=""/>
    </file>
    <file name="pexels-photo-1427513-crop-u5283.jpg" crc="3837664683" seo="true" ref="index">
      <caption webpage="index" alt=""/>
    </file>
    <file name="adventure-altitude-clear-sky-633198-crop-u208.jpg" crc="4039144983" seo="true" ref="index">
      <caption webpage="index" alt=""/>
    </file>
    <file name="ash-boom-calamity-735647-crop-u368.jpg" crc="266971580" seo="true" ref="index">
      <caption webpage="index" alt=""/>
    </file>
    <file name="cold-condensation-daylight-942216-crop-u448.jpg" crc="4123272293" seo="true" ref="index">
      <caption webpage="index" alt=""/>
    </file>
    <file name="color-environment-moss-1817249-crop-u4683.jpg" crc="4231175494" seo="true" ref="index">
      <caption webpage="index" alt=""/>
    </file>
  </folder>
  <file name="index.html" crc="3927279958" seo="true" mt="1551898806608" redirect="true"/>
</manifest>